quality,alcohol,sulphates,volatile acidity
3,9.955,0.5700000000000001,0.8845000000000001
4,10.26509433962264,0.5964150943396226,0.6939622641509434
5,9.899706314243758,0.6209691629955947,0.5770411160058737
6,10.629519331243468,0.6753291536050157,0.49748432601880876
7,11.465912897822445,0.7412562814070351,0.40391959798994975
8,12.094444444444443,0.7677777777777778,0.42333333333333334
